"1, 3.5251459403307015e-170"
"1, 5.306969219460648e-174"
"5, 9.033773607784182e-175"
"5, 1.4621837816318202e-175"
"4, 4.9190396380202785e-173"
"1, 1.3367134344565317e-151"
"1, 1.625285838689975e-159"
"1, 1.5449938952497053e-154"
"4, 5.692779854046254e-156"
"4, 3.2119770755219213e-174"
"4, 8.953383846738713e-171"
"5, 2.504486142628111e-170"
"3, 2.9435585747962687e-179"
"3, 3.397153816314385e-176"
"3, 5.656045379526709e-176"
"2, 7.814056332956691e-173"
"2, 1.3735414071606322e-173"
"3, 4.1540706332237345e-179"
"4, 6.651846354244029e-173"
"5, 2.558794438198193e-171"
